timestamp,voltage,current,temperature,solar_irradiance,is_anomaly
2024-01-01 00:00:00,0.0,0.0,25.5,0.0,0
2024-01-01 01:00:00,0.0,0.0,24.8,0.0,0
2024-01-01 02:00:00,0.0,0.0,24.2,0.0,0
2024-01-01 03:00:00,0.0,0.0,23.9,0.0,0
2024-01-01 04:00:00,0.0,0.0,23.5,0.0,0
2024-01-01 05:00:00,0.1,0.1,23.2,0.1,0
2024-01-01 06:00:00,0.5,0.5,23.0,0.5,0
2024-01-01 07:00:00,1.2,1.2,23.5,1.2,0
2024-01-01 08:00:00,2.5,2.5,24.0,2.5,0
2024-01-01 09:00:00,4.0,4.0,25.0,4.0,0
2024-01-01 10:00:00,5.5,5.5,26.0,5.5,0
2024-01-01 11:00:00,6.8,6.8,27.0,6.8,0
2024-01-01 12:00:00,7.5,7.5,28.0,7.5,0
2024-01-01 13:00:00,7.2,7.2,28.5,7.2,0
2024-01-01 14:00:00,6.5,6.5,28.0,6.5,0
2024-01-01 15:00:00,5.0,5.0,27.5,5.0,0
2024-01-01 16:00:00,3.5,3.5,27.0,3.5,0
2024-01-01 17:00:00,2.0,2.0,26.5,2.0,0
2024-01-01 18:00:00,0.8,0.8,26.0,0.8,0
2024-01-01 19:00:00,0.2,0.2,25.5,0.2,0
2024-01-01 20:00:00,0.0,0.0,25.0,0.0,0
2024-01-01 21:00:00,0.0,0.0,24.5,0.0,0
2024-01-01 22:00:00,0.0,0.0,24.0,0.0,0
2024-01-01 23:00:00,0.0,0.0,23.8,0.0,0
2024-01-02 00:00:00,0.0,0.0,25.5,0.0,0
2024-01-02 01:00:00,0.0,0.0,24.8,0.0,0
2024-01-02 02:00:00,0.0,0.0,24.2,0.0,0
2024-01-02 03:00:00,0.0,0.0,23.9,0.0,0
2024-01-02 04:00:00,0.0,0.0,23.5,0.0,0
2024-01-02 05:00:00,0.1,0.1,23.2,0.1,0
2024-01-02 06:00:00,0.5,0.5,23.0,0.5,0
2024-01-02 07:00:00,1.2,1.2,23.5,1.2,0
2024-01-02 08:00:00,2.5,2.5,24.0,2.5,0
2024-01-02 09:00:00,4.0,4.0,25.0,4.0,0
2024-01-02 10:00:00,5.5,5.5,26.0,5.5,0
2024-01-02 11:00:00,6.8,6.8,27.0,6.8,0
2024-01-02 12:00:00,7.5,7.5,28.0,7.5,0
2024-01-02 13:00:00,7.2,7.2,28.5,7.2,0
2024-01-02 14:00:00,6.5,6.5,28.0,6.5,0
2024-01-02 15:00:00,5.0,5.0,27.5,5.0,0
2024-01-02 16:00:00,3.5,3.5,27.0,3.5,0
2024-01-02 17:00:00,2.0,2.0,26.5,2.0,0
2024-01-02 18:00:00,0.8,0.8,26.0,0.8,0
2024-01-02 19:00:00,0.2,0.2,25.5,0.2,0
2024-01-02 20:00:00,0.0,0.0,25.0,0.0,0
2024-01-02 21:00:00,0.0,0.0,24.5,0.0,0
2024-01-02 22:00:00,0.0,0.0,24.0,0.0,0
2024-01-02 23:00:00,0.0,0.0,23.8,0.0,0
2024-01-03 00:00:00,0.0,0.0,25.5,0.0,0
2024-01-03 01:00:00,0.0,0.0,24.8,0.0,0
2024-01-03 02:00:00,0.0,0.0,24.2,0.0,0
2024-01-03 03:00:00,0.0,0.0,23.9,0.0,0
2024-01-03 04:00:00,0.0,0.0,23.5,0.0,0
2024-01-03 05:00:00,0.1,0.1,23.2,0.1,0
2024-01-03 06:00:00,0.5,0.5,23.0,0.5,0
2024-01-03 07:00:00,1.2,1.2,23.5,1.2,0
2024-01-03 08:00:00,2.5,2.5,24.0,2.5,0
2024-01-03 09:00:00,4.0,4.0,25.0,4.0,0
2024-01-03 10:00:00,5.5,5.5,26.0,5.5,0
2024-01-03 11:00:00,6.8,6.8,27.0,6.8,0
2024-01-03 12:00:00,7.5,7.5,28.0,7.5,0
2024-01-03 13:00:00,7.2,7.2,28.5,7.2,0
2024-01-03 14:00:00,6.5,6.5,28.0,6.5,0
2024-01-03 15:00:00,5.0,5.0,27.5,5.0,0
2024-01-03 16:00:00,3.5,3.5,27.0,3.5,0
2024-01-03 17:00:00,2.0,2.0,26.5,2.0,0
2024-01-03 18:00:00,0.8,0.8,26.0,0.8,0
2024-01-03 19:00:00,0.2,0.2,25.5,0.2,0
2024-01-03 20:00:00,0.0,0.0,25.0,0.0,0
2024-01-03 21:00:00,0.0,0.0,24.5,0.0,0
2024-01-03 22:00:00,0.0,0.0,24.0,0.0,0
2024-01-03 23:00:00,0.0,0.0,23.8,0.0,0
2024-01-04 00:00:00,0.0,0.0,25.5,0.0,0
2024-01-04 01:00:00,0.0,0.0,24.8,0.0,0
2024-01-04 02:00:00,0.0,0.0,24.2,0.0,0
2024-01-04 03:00:00,0.0,0.0,23.9,0.0,0
2024-01-04 04:00:00,0.0,0.0,23.5,0.0,0
2024-01-04 05:00:00,0.1,0.1,23.2,0.1,0
2024-01-04 06:00:00,0.5,0.5,23.0,0.5,0
2024-01-04 07:00:00,1.2,1.2,23.5,1.2,0
2024-01-04 08:00:00,2.5,2.5,24.0,2.5,0
2024-01-04 09:00:00,4.0,4.0,25.0,4.0,0
2024-01-04 10:00:00,5.5,5.5,26.0,5.5,0
2024-01-04 11:00:00,6.8,6.8,27.0,6.8,0
2024-01-04 12:00:00,7.5,7.5,28.0,7.5,0
2024-01-04 13:00:00,7.2,7.2,28.5,7.2,0
2024-01-04 14:00:00,6.5,6.5,28.0,6.5,0
2024-01-04 15:00:00,5.0,5.0,27.5,5.0,0
2024-01-04 16:00:00,3.5,3.5,27.0,3.5,0
2024-01-04 17:00:00,2.0,2.0,26.5,2.0,0
2024-01-04 18:00:00,0.8,0.8,26.0,0.8,0
2024-01-04 19:00:00,0.2,0.2,25.5,0.2,0
2024-01-04 20:00:00,0.0,0.0,25.0,0.0,0
2024-01-04 21:00:00,0.0,0.0,24.5,0.0,0
2024-01-04 22:00:00,0.0,0.0,24.0,0.0,0
2024-01-04 23:00:00,0.0,0.0,23.8,0.0,0
2024-01-05 00:00:00,0.0,0.0,25.5,0.0,0
2024-01-05 01:00:00,0.0,0.0,24.8,0.0,0
2024-01-05 02:00:00,0.0,0.0,24.2,0.0,0
2024-01-05 03:00:00,0.0,0.0,23.9,0.0,0
2024-01-05 04:00:00,0.0,0.0,23.5,0.0,0
2024-01-05 05:00:00,0.1,0.1,23.2,0.1,0
2024-01-05 06:00:00,0.5,0.5,23.0,0.5,0
2024-01-05 07:00:00,1.2,1.2,23.5,1.2,0
2024-01-05 08:00:00,2.5,2.5,24.0,2.5,0
2024-01-05 09:00:00,4.0,4.0,25.0,4.0,0
2024-01-05 10:00:00,5.5,5.5,26.0,5.5,0
2024-01-05 11:00:00,6.8,6.8,27.0,6.8,0
2024-01-05 12:00:00,7.5,7.5,28.0,7.5,0
2024-01-05 13:00:00,7.2,7.2,28.5,7.2,0
2024-01-05 14:00:00,6.5,6.5,28.0,6.5,0
2024-01-05 15:00:00,5.0,5.0,27.5,5.0,0
2024-01-05 16:00:00,3.5,3.5,27.0,3.5,0
2024-01-05 17:00:00,2.0,2.0,26.5,2.0,0
2024-01-05 18:00:00,0.8,0.8,26.0,0.8,0
2024-01-05 19:00:00,0.2,0.2,25.5,0.2,0
2024-01-05 20:00:00,0.0,0.0,25.0,0.0,0
2024-01-05 21:00:00,0.0,0.0,24.5,0.0,0
2024-01-05 22:00:00,0.0,0.0,24.0,0.0,0
2024-01-05 23:00:00,0.0,0.0,23.8,0.0,0
2024-01-06 00:00:00,0.0,0.0,25.5,0.0,0
2024-01-06 01:00:00,0.0,0.0,24.8,0.0,0
2024-01-06 02:00:00,0.0,0.0,24.2,0.0,0
2024-01-06 03:00:00,0.0,0.0,23.9,0.0,0
2024-01-06 04:00:00,0.0,0.0,23.5,0.0,0
2024-01-06 05:00:00,0.1,0.1,23.2,0.1,0
2024-01-06 06:00:00,0.5,0.5,23.0,0.5,0
2024-01-06 07:00:00,1.2,1.2,23.5,1.2,0
2024-01-06 08:00:00,2.5,2.5,24.0,2.5,0
2024-01-06 09:00:00,4.0,4.0,25.0,4.0,0
2024-01-06 10:00:00,5.5,5.5,26.0,5.5,0
2024-01-06 11:00:00,6.8,6.8,27.0,6.8,0
2024-01-06 12:00:00,7.5,7.5,28.0,7.5,0
2024-01-06 13:00:00,7.2,7.2,28.5,7.2,0
2024-01-06 14:00:00,6.5,6.5,28.0,6.5,0
2024-01-06 15:00:00,5.0,5.0,27.5,5.0,0
2024-01-06 16:00:00,3.5,3.5,27.0,3.5,0
2024-01-06 17:00:00,2.0,2.0,26.5,2.0,0
2024-01-06 18:00:00,0.8,0.8,26.0,0.8,0
2024-01-06 19:00:00,0.2,0.2,25.5,0.2,0
2024-01-06 20:00:00,0.0,0.0,25.0,0.0,0
2024-01-06 21:00:00,0.0,0.0,24.5,0.0,0
2024-01-06 22:00:00,0.0,0.0,24.0,0.0,0
2024-01-06 23:00:00,0.0,0.0,23.8,0.0,0
2024-01-07 00:00:00,0.0,0.0,25.5,0.0,0
2024-01-07 01:00:00,0.0,0.0,24.8,0.0,0
2024-01-07 02:00:00,0.0,0.0,24.2,0.0,0
2024-01-07 03:00:00,0.0,0.0,23.9,0.0,0
2024-01-07 04:00:00,0.0,0.0,23.5,0.0,0
2024-01-07 05:00:00,0.1,0.1,23.2,0.1,0
2024-01-07 06:00:00,0.5,0.5,23.0,0.5,0
2024-01-07 07:00:00,1.2,1.2,23.5,1.2,0
2024-01-07 08:00:00,2.5,2.5,24.0,2.5,0
2024-01-07 09:00:00,4.0,4.0,25.0,4.0,0
2024-01-07 10:00:00,5.5,5.5,26.0,5.5,0
2024-01-07 11:00:00,6.8,6.8,27.0,6.8,0
2024-01-07 12:00:00,7.5,7.5,28.0,7.5,0
2024-01-07 13:00:00,7.2,7.2,28.5,7.2,0
2024-01-07 14:00:00,6.5,6.5,28.0,6.5,0
2024-01-07 15:00:00,5.0,5.0,27.5,5.0,0
2024-01-07 16:00:00,3.5,3.5,27.0,3.5,0
2024-01-07 17:00:00,2.0,2.0,26.5,2.0,0
2024-01-07 18:00:00,0.8,0.8,26.0,0.8,0
2024-01-07 19:00:00,0.2,0.2,25.5,0.2,0
2024-01-07 20:00:00,0.0,0.0,25.0,0.0,0
2024-01-07 21:00:00,0.0,0.0,24.5,0.0,0
2024-01-07 22:00:00,0.0,0.0,24.0,0.0,0
2024-01-07 23:00:00,0.0,0.0,23.8,0.0,0 